t,x,y,yaw,speed,target_y,steering,left_wheel,right_wheel
0.050,2.2997,-0.0000,-0.0001,0.0062,0.00,0.0000,0.0000,0.0000
0.100,2.2987,-0.0000,-0.0003,0.0194,0.00,0.0000,0.0000,0.0000
0.200,2.2968,-0.0000,-0.0002,0.0198,0.00,0.0000,0.0000,0.0000
0.350,2.2935,0.0000,-0.0000,0.0232,0.00,0.0000,0.0000,0.0000
0.450,2.2911,0.0000,0.0000,0.0247,0.00,0.0000,0.0000,0.0000
0.550,2.2885,0.0000,0.0001,0.0259,0.00,0.0000,0.0000,0.0000
0.600,2.2872,0.0000,0.0001,0.0264,0.00,0.0000,0.0000,0.0000
0.700,2.2845,0.0001,0.0001,0.0271,0.00,0.0000,0.0000,0.0000
0.800,2.2817,0.0001,0.0001,0.0276,0.00,0.0000,0.0000,0.0000
0.900,2.2789,0.0001,0.0001,0.0280,0.00,0.0000,0.0000,0.0000
1.000,2.2761,0.0001,0.0001,0.0284,0.00,0.0000,0.0000,0.0000
1.100,2.2733,0.0001,0.0002,0.0286,0.00,0.0000,0.0000,0.0000
1.200,2.2704,0.0001,0.0002,0.0287,0.00,0.0000,0.0000,0.0000
1.300,2.2675,0.0001,0.0002,0.0289,0.00,0.0000,0.0000,0.0000
1.400,2.2646,0.0001,0.0002,0.0290,0.00,0.0000,0.0000,0.0000
1.500,2.2617,0.0001,0.0002,0.0290,0.00,0.0000,0.0000,0.0000
1.600,2.2588,0.0001,0.0002,0.0291,0.00,0.0000,0.0000,0.0000
1.700,2.2559,0.0001,0.0002,0.0291,0.00,0.0000,0.0000,0.0000
1.800,2.2530,0.0001,0.0002,0.0291,0.00,0.0000,0.0000,0.0000
1.900,2.2501,0.0001,0.0002,0.0292,0.00,0.0000,0.0000,0.0000
2.000,2.2471,0.0001,0.0002,0.0292,0.00,0.0000,0.0000,0.0000
2.100,2.2442,0.0001,0.0002,0.0292,0.00,0.0000,0.0000,0.0000
2.250,2.2399,0.0001,0.0002,0.0292,0.00,0.0000,0.0000,0.0000
2.350,2.2369,0.0001,0.0002,0.0292,0.00,0.0000,0.0000,0.0000
2.450,2.2340,0.0001,0.0002,0.0292,0.00,0.0000,0.0000,0.0000
2.550,2.2311,0.0001,0.0002,0.0292,0.00,0.0000,0.0000,0.0000
2.650,2.2282,0.0001,0.0002,0.0292,0.00,0.0000,0.0000,0.0000
2.750,2.2252,0.0001,0.0002,0.0292,0.00,0.0000,0.0000,0.0000
2.850,2.2223,0.0001,0.0002,0.0292,0.00,0.0000,0.0000,0.0000
2.950,2.2194,0.0001,0.0003,0.0292,0.00,0.0000,0.0000,0.0000
3.050,2.2165,0.0001,0.0003,0.0292,0.00,0.0000,0.0000,0.0000
3.150,2.2136,0.0001,0.0003,0.0292,0.00,0.0000,0.0000,0.0000
3.250,2.2106,0.0001,0.0003,0.0292,0.00,0.0000,0.0000,0.0000
3.350,2.2077,0.0001,0.0003,0.0292,0.00,0.0000,0.0000,0.0000
3.450,2.2048,0.0001,0.0003,0.0292,0.00,0.0000,0.0000,0.0000
3.550,2.2019,0.0001,0.0003,0.0292,0.00,0.0000,0.0000,0.0000
3.650,2.1989,0.0001,0.0003,0.0292,0.00,0.0000,0.0000,0.0000
3.750,2.1960,0.0001,0.0003,0.0292,0.00,0.0000,0.0000,0.0000
3.850,2.1931,0.0001,0.0003,0.0292,0.00,0.0000,0.0000,0.0000
3.950,2.1902,0.0001,0.0003,0.0292,0.00,0.0000,0.0000,0.0000
4.050,2.1873,0.0001,0.0003,0.0292,0.00,0.0000,0.0000,0.0000
4.150,2.1843,0.0001,0.0003,0.0292,0.00,0.0000,0.0000,0.0000
4.250,2.1814,0.0001,0.0003,0.0292,0.00,0.0000,0.0000,0.0000
4.350,2.1785,0.0001,0.0003,0.0292,0.00,0.0000,0.0000,0.0000
4.450,2.1756,0.0001,0.0003,0.0292,0.00,0.0000,0.0000,0.0000
4.550,2.1726,0.0001,0.0003,0.0292,0.00,0.0000,0.0000,0.0000
4.650,2.1697,0.0001,0.0003,0.0292,0.00,0.0000,0.0000,0.0000
4.750,2.1668,0.0001,0.0003,0.0292,0.00,0.0000,0.0000,0.0000
4.850,2.1639,0.0001,0.0003,0.0292,0.00,0.0000,0.0000,0.0000
4.950,2.1609,0.0001,0.0003,0.0292,0.00,0.0000,0.0000,0.0000
5.050,2.1580,0.0001,0.0004,0.0292,0.00,0.0000,0.0000,0.0000
5.150,2.1551,0.0000,0.0004,0.0292,0.00,0.0000,0.0000,0.0000
5.250,2.1522,0.0000,0.0004,0.0292,0.00,0.0000,0.0000,0.0000
5.350,2.1493,0.0000,0.0004,0.0292,0.00,0.0000,0.0000,0.0000
5.450,2.1463,0.0000,0.0004,0.0292,0.00,0.0000,0.0000,0.0000
5.550,2.1434,0.0000,0.0004,0.0292,0.00,0.0000,0.0000,0.0000
5.650,2.1405,0.0000,0.0004,0.0292,0.00,0.0000,0.0000,0.0000
5.750,2.1376,0.0000,0.0004,0.0292,0.00,0.0000,0.0000,0.0000
5.850,2.1346,0.0000,0.0004,0.0292,0.00,0.0000,0.0000,0.0000
5.950,2.1317,0.0000,0.0004,0.0292,0.00,0.0000,0.0000,0.0000
6.050,2.1288,0.0000,0.0004,0.0292,0.00,0.0000,0.0000,0.0000
6.150,2.1259,0.0000,0.0004,0.0292,0.00,0.0000,0.0000,0.0000
6.250,2.1230,0.0000,0.0004,0.0292,0.00,0.0000,0.0000,0.0000
6.350,2.1200,0.0000,0.0004,0.0292,0.00,0.0000,0.0000,0.0000
6.450,2.1171,0.0000,0.0004,0.0292,0.00,0.0000,0.0000,0.0000
6.550,2.1142,0.0000,0.0004,0.0292,0.00,0.0000,0.0000,0.0000
6.650,2.1113,0.0000,0.0004,0.0292,0.00,0.0000,0.0000,0.0000
6.750,2.1083,0.0000,0.0004,0.0292,0.00,0.0000,0.0000,0.0000
6.850,2.1054,0.0000,0.0004,0.0292,0.00,0.0000,0.0000,0.0000
6.950,2.1025,0.0000,0.0004,0.0292,0.00,0.0000,0.0000,0.0000
7.050,2.0996,0.0000,0.0004,0.0292,0.00,0.0000,0.0000,0.0000
7.150,2.0966,0.0000,0.0005,0.0292,0.00,0.0000,0.0000,0.0000
7.250,2.0937,0.0000,0.0005,0.0292,0.00,0.0000,0.0000,0.0000
7.350,2.0908,0.0000,0.0005,0.0292,0.00,0.0000,0.0000,0.0000
7.450,2.0879,0.0000,0.0005,0.0292,0.00,0.0000,0.0000,0.0000
7.550,2.0850,0.0000,0.0005,0.0292,0.00,0.0000,0.0000,0.0000
7.650,2.0820,0.0000,0.0005,0.0292,0.00,0.0000,0.0000,0.0000
7.750,2.0791,0.0000,0.0005,0.0292,0.00,0.0000,0.0000,0.0000
7.850,2.0762,0.0000,0.0005,0.0292,0.00,0.0000,0.0000,0.0000
7.950,2.0733,0.0000,0.0005,0.0292,0.00,0.0000,0.0000,0.0000
8.050,2.0703,-0.0000,0.0005,0.0292,0.00,0.0000,0.0000,0.0000
8.150,2.0674,-0.0000,0.0005,0.0292,0.00,0.0000,0.0000,0.0000
8.250,2.0645,-0.0000,0.0005,0.0292,0.00,0.0000,0.0000,0.0000
8.350,2.0616,-0.0000,0.0005,0.0292,0.00,0.0000,0.0000,0.0000
8.450,2.0586,-0.0000,0.0005,0.0292,0.00,0.0000,0.0000,0.0000
8.500,2.0572,-0.0000,0.0005,0.0292,0.00,0.0000,0.0000,0.0000
8.600,2.0543,-0.0000,0.0005,0.0292,0.00,0.0000,0.0000,0.0000
8.700,2.0513,-0.0000,0.0005,0.0292,0.00,0.0000,0.0000,0.0000
8.800,2.0484,-0.0000,0.0005,0.0292,0.00,0.0000,0.0000,0.0000
8.900,2.0455,-0.0000,0.0005,0.0292,0.00,0.0000,0.0000,0.0000
9.000,2.0426,-0.0000,0.0006,0.0292,0.00,0.0000,0.0000,0.0000
9.100,2.0396,-0.0000,0.0006,0.0292,0.00,0.0000,0.0000,0.0000
9.200,2.0367,-0.0000,0.0006,0.0293,0.00,0.0000,0.0000,0.0000
9.300,2.0338,-0.0000,0.0006,0.0293,0.00,0.0000,0.0000,0.0000
9.400,2.0309,-0.0000,0.0006,0.0293,0.00,0.0000,0.0000,0.0000
9.500,2.0279,-0.0000,0.0006,0.0293,0.00,0.0000,0.0000,0.0000
9.600,2.0250,-0.0000,0.0006,0.0293,0.00,0.0000,0.0000,0.0000
9.700,2.0221,-0.0000,0.0006,0.0293,0.00,0.0000,0.0000,0.0000
9.800,2.0192,-0.0000,0.0006,0.0293,0.00,0.0000,0.0000,0.0000
9.900,2.0162,-0.0000,0.0006,0.0293,0.00,0.0000,0.0000,0.0000
10.000,2.0133,-0.0000,0.0006,0.0293,0.00,0.0000,0.0000,0.0000
10.100,2.0104,-0.0000,0.0006,0.0293,0.00,0.0000,0.0000,0.0000
10.200,2.0075,-0.0000,0.0006,0.0293,0.00,0.0000,0.0000,0.0000
10.300,2.0045,-0.0000,0.0006,0.0293,0.00,0.0000,0.0000,0.0000
10.400,2.0016,-0.0000,0.0006,0.0293,0.00,0.0000,0.0000,0.0000
10.500,1.9987,-0.0001,0.0006,0.0293,0.00,0.0000,0.0000,0.0000
10.600,1.9957,-0.0001,0.0006,0.0293,0.00,0.0000,0.0000,0.0000
10.700,1.9928,-0.0001,0.0006,0.0293,0.00,0.0000,0.0000,0.0000
10.800,1.9899,-0.0001,0.0006,0.0293,0.00,0.0000,0.0000,0.0000
10.900,1.9870,-0.0001,0.0006,0.0293,0.00,0.0000,0.0000,0.0000
11.000,1.9840,-0.0001,0.0006,0.0293,0.00,0.0000,0.0000,0.0000
11.100,1.9811,-0.0001,0.0006,0.0293,0.00,0.0000,0.0000,0.0000
11.200,1.9782,-0.0001,0.0006,0.0293,0.00,0.0000,0.0000,0.0000
11.300,1.9752,-0.0001,0.0006,0.0293,0.00,0.0000,0.0000,0.0000
11.400,1.9723,-0.0001,0.0006,0.0293,0.00,0.0000,0.0000,0.0000
11.500,1.9694,-0.0001,0.0006,0.0293,0.00,0.0000,0.0000,0.0000
11.600,1.9665,-0.0001,0.0006,0.0293,0.00,0.0000,0.0000,0.0000
11.700,1.9635,-0.0001,0.0006,0.0293,0.00,0.0000,0.0000,0.0000
11.800,1.9606,-0.0001,0.0006,0.0293,0.00,0.0000,0.0000,0.0000
11.900,1.9577,-0.0001,0.0006,0.0293,0.00,0.0000,0.0000,0.0000
12.000,1.9548,-0.0001,0.0006,0.0293,0.00,0.0000,0.0000,0.0000
12.100,1.9518,-0.0001,0.0006,0.0293,0.00,0.0000,0.0000,0.0000
12.200,1.9489,-0.0001,0.0006,0.0293,0.00,0.0000,0.0000,0.0000
12.300,1.9460,-0.0001,0.0006,0.0293,0.00,0.0000,0.0000,0.0000
12.400,1.9430,-0.0001,0.0006,0.0293,0.00,0.0000,0.0000,0.0000
12.500,1.9401,-0.0001,0.0006,0.0293,0.00,0.0000,0.0000,0.0000
12.600,1.9372,-0.0001,0.0006,0.0293,0.00,0.0000,0.0000,0.0000
12.700,1.9343,-0.0001,0.0006,0.0293,0.00,0.0000,0.0000,0.0000
12.800,1.9313,-0.0001,0.0006,0.0293,0.00,0.0000,0.0000,0.0000
12.900,1.9284,-0.0001,0.0006,0.0293,0.00,0.0000,0.0000,0.0000
13.000,1.9255,-0.0001,0.0006,0.0293,0.00,0.0000,0.0000,0.0000
13.100,1.9226,-0.0001,0.0006,0.0293,0.00,0.0000,0.0000,0.0000
13.200,1.9196,-0.0001,0.0006,0.0293,0.00,0.0000,0.0000,0.0000
13.300,1.9167,-0.0001,0.0006,0.0293,0.00,0.0000,0.0000,0.0000
13.400,1.9138,-0.0001,0.0006,0.0293,0.00,0.0000,0.0000,0.0000
13.500,1.9108,-0.0001,0.0006,0.0293,0.00,0.0000,0.0000,0.0000
13.600,1.9079,-0.0001,0.0006,0.0293,0.00,0.0000,0.0000,0.0000
13.700,1.9050,-0.0001,0.0006,0.0293,0.00,0.0000,0.0000,0.0000
13.800,1.9021,-0.0001,0.0006,0.0293,0.00,0.0000,0.0000,0.0000
13.900,1.8991,-0.0001,0.0006,0.0293,0.00,0.0000,0.0000,0.0000
14.000,1.8962,-0.0001,0.0006,0.0293,0.00,0.0000,0.0000,0.0000
14.100,1.8933,-0.0001,0.0006,0.0293,0.00,0.0000,0.0000,0.0000
14.200,1.8904,-0.0001,0.0006,0.0293,0.00,0.0000,0.0000,0.0000
14.300,1.8874,-0.0001,0.0006,0.0293,0.00,0.0000,0.0000,0.0000
14.400,1.8845,-0.0001,0.0006,0.0293,0.00,0.0000,0.0000,0.0000
14.500,1.8816,-0.0001,0.0006,0.0293,0.00,0.0000,0.0000,0.0000
14.600,1.8786,-0.0001,0.0006,0.0293,0.00,0.0000,0.0000,0.0000
14.700,1.8757,-0.0001,0.0006,0.0293,0.00,0.0000,0.0000,0.0000
14.800,1.8728,-0.0001,0.0006,0.0293,0.00,0.0000,0.0000,0.0000
14.900,1.8699,-0.0001,0.0006,0.0293,0.00,0.0000,0.0000,0.0000
15.000,1.8669,-0.0001,0.0006,0.0293,0.00,0.0000,0.0000,0.0000
15.100,1.8640,-0.0001,0.0006,0.0293,0.00,0.0000,0.0000,0.0000
15.200,1.8611,-0.0001,0.0006,0.0293,0.00,0.0000,0.0000,0.0000
15.300,1.8582,-0.0001,0.0006,0.0293,0.00,0.0000,0.0000,0.0000
15.400,1.8552,-0.0001,0.0006,0.0293,0.00,0.0000,0.0000,0.0000
15.500,1.8523,-0.0001,0.0006,0.0293,0.00,0.0000,0.0000,0.0000
15.600,1.8494,-0.0002,0.0006,0.0293,0.00,0.0000,0.0000,0.0000
15.700,1.8464,-0.0002,0.0006,0.0293,0.00,0.0000,0.0000,0.0000
15.800,1.8435,-0.0002,0.0006,0.0293,0.00,0.0000,0.0000,0.0000
15.900,1.8406,-0.0002,0.0006,0.0293,0.00,0.0000,0.0000,0.0000
16.000,1.8377,-0.0002,0.0006,0.0293,0.00,0.0000,0.0000,0.0000
16.100,1.8347,-0.0002,0.0006,0.0293,0.00,0.0000,0.0000,0.0000
16.200,1.8318,-0.0002,0.0006,0.0293,0.00,0.0000,0.0000,0.0000
16.300,1.8289,-0.0002,0.0006,0.0293,0.00,0.0000,0.0000,0.0000
16.400,1.8260,-0.0002,0.0007,0.0293,0.00,0.0000,0.0000,0.0000
16.500,1.8230,-0.0002,0.0007,0.0293,0.00,0.0000,0.0000,0.0000
16.600,1.8201,-0.0002,0.0007,0.0293,0.00,0.0000,0.0000,0.0000
16.700,1.8172,-0.0002,0.0007,0.0293,0.00,0.0000,0.0000,0.0000
16.800,1.8142,-0.0002,0.0007,0.0293,0.00,0.0000,0.0000,0.0000
16.900,1.8113,-0.0002,0.0007,0.0293,0.00,0.0000,0.0000,0.0000
17.000,1.8084,-0.0002,0.0007,0.0293,0.00,0.0000,0.0000,0.0000
17.100,1.8055,-0.0002,0.0007,0.0293,0.00,0.0000,0.0000,0.0000
17.200,1.8025,-0.0002,0.0007,0.0293,0.00,0.0000,0.0000,0.0000
17.300,1.7996,-0.0002,0.0007,0.0293,0.00,0.0000,0.0000,0.0000
17.400,1.7967,-0.0002,0.0007,0.0293,0.00,0.0000,0.0000,0.0000
17.500,1.7938,-0.0002,0.0007,0.0293,0.00,0.0000,0.0000,0.0000
17.600,1.7908,-0.0002,0.0007,0.0293,0.00,0.0000,0.0000,0.0000
17.700,1.7879,-0.0002,0.0007,0.0293,0.00,0.0000,0.0000,0.0000
17.800,1.7850,-0.0002,0.0007,0.0293,0.00,0.0000,0.0000,0.0000
17.900,1.7820,-0.0002,0.0007,0.0293,0.00,0.0000,0.0000,0.0000
18.000,1.7791,-0.0002,0.0007,0.0293,0.00,0.0000,0.0000,0.0000
18.100,1.7762,-0.0002,0.0007,0.0293,0.00,0.0000,0.0000,0.0000
18.200,1.7733,-0.0002,0.0007,0.0293,0.00,0.0000,0.0000,0.0000
18.300,1.7703,-0.0002,0.0007,0.0293,0.00,0.0000,0.0000,0.0000
18.400,1.7674,-0.0002,0.0007,0.0293,0.00,0.0000,0.0000,0.0000
18.500,1.7645,-0.0002,0.0007,0.0293,0.00,0.0000,0.0000,0.0000
18.600,1.7616,-0.0002,0.0007,0.0293,0.00,0.0000,0.0000,0.0000
18.700,1.7586,-0.0002,0.0007,0.0293,0.00,0.0000,0.0000,0.0000
18.800,1.7557,-0.0002,0.0007,0.0293,0.00,0.0000,0.0000,0.0000
18.900,1.7528,-0.0002,0.0007,0.0293,0.00,0.0000,0.0000,0.0000
19.000,1.7498,-0.0002,0.0007,0.0293,0.00,0.0000,0.0000,0.0000
19.100,1.7469,-0.0002,0.0007,0.0293,0.00,0.0000,0.0000,0.0000
19.200,1.7440,-0.0002,0.0007,0.0293,0.00,0.0000,0.0000,0.0000
19.300,1.7411,-0.0002,0.0007,0.0293,0.00,0.0000,0.0000,0.0000
19.400,1.7381,-0.0002,0.0007,0.0293,0.00,0.0000,0.0000,0.0000
19.500,1.7352,-0.0002,0.0007,0.0293,0.00,0.0000,0.0000,0.0000
19.600,1.7323,-0.0002,0.0007,0.0293,0.00,0.0000,0.0000,0.0000
19.700,1.7294,-0.0002,0.0007,0.0293,0.00,0.0000,0.0000,0.0000
19.800,1.7264,-0.0002,0.0007,0.0293,0.00,0.0000,0.0000,0.0000
19.900,1.7235,-0.0002,0.0007,0.0293,0.00,0.0000,0.0000,0.0000
20.000,1.7206,-0.0002,0.0007,0.0293,0.00,0.0000,0.0000,0.0000
20.100,1.7176,-0.0002,0.0007,0.0293,0.00,0.0000,0.0000,0.0000
20.200,1.7147,-0.0002,0.0007,0.0293,0.00,0.0000,0.0000,0.0000
20.300,1.7118,-0.0002,0.0007,0.0293,0.00,0.0000,0.0000,0.0000
20.400,1.7089,-0.0002,0.0007,0.0293,0.00,0.0000,0.0000,0.0000
20.500,1.7059,-0.0002,0.0007,0.0293,0.00,0.0000,0.0000,0.0000
20.600,1.7030,-0.0002,0.0007,0.0293,0.00,0.0000,0.0000,0.0000
20.700,1.7001,-0.0002,0.0007,0.0293,0.00,0.0000,0.0000,0.0000
20.800,1.6972,-0.0003,0.0007,0.0293,0.00,0.0000,0.0000,0.0000
20.900,1.6942,-0.0003,0.0007,0.0293,0.00,0.0000,0.0000,0.0000
21.000,1.6913,-0.0003,0.0007,0.0293,0.00,0.0000,0.0000,0.0000
21.100,1.6884,-0.0003,0.0007,0.0293,0.00,0.0000,0.0000,0.0000
21.200,1.6855,-0.0003,0.0007,0.0293,0.00,0.0000,0.0000,0.0000
21.300,1.6825,-0.0003,0.0007,0.0293,0.00,0.0000,0.0000,0.0000
21.400,1.6796,-0.0003,0.0007,0.0293,0.00,0.0000,0.0000,0.0000
21.500,1.6767,-0.0003,0.0007,0.0293,0.00,0.0000,0.0000,0.0000
21.600,1.6737,-0.0003,0.0007,0.0293,0.00,0.0000,0.0000,0.0000
21.700,1.6708,-0.0003,0.0007,0.0293,0.00,0.0000,0.0000,0.0000
21.800,1.6679,-0.0003,0.0007,0.0293,0.00,0.0000,0.0000,0.0000
21.900,1.6650,-0.0003,0.0007,0.0293,0.00,0.0000,0.0000,0.0000
22.000,1.6620,-0.0003,0.0007,0.0293,0.00,0.0000,0.0000,0.0000
22.100,1.6591,-0.0003,0.0007,0.0293,0.00,0.0000,0.0000,0.0000
22.200,1.6562,-0.0003,0.0007,0.0293,0.00,0.0000,0.0000,0.0000
22.300,1.6533,-0.0003,0.0007,0.0293,0.00,0.0000,0.0000,0.0000
22.400,1.6503,-0.0003,0.0007,0.0293,0.00,0.0000,0.0000,0.0000
22.500,1.6474,-0.0003,0.0007,0.0293,0.00,0.0000,0.0000,0.0000
22.600,1.6445,-0.0003,0.0007,0.0293,0.00,0.0000,0.0000,0.0000
22.700,1.6416,-0.0003,0.0007,0.0293,0.00,0.0000,0.0000,0.0000
22.800,1.6386,-0.0003,0.0007,0.0293,0.00,0.0000,0.0000,0.0000
22.900,1.6357,-0.0003,0.0007,0.0293,0.00,0.0000,0.0000,0.0000
23.000,1.6328,-0.0003,0.0007,0.0293,0.00,0.0000,0.0000,0.0000
23.100,1.6298,-0.0003,0.0007,0.0293,0.00,0.0000,0.0000,0.0000
23.200,1.6269,-0.0003,0.0007,0.0293,0.00,0.0000,0.0000,0.0000
23.300,1.6240,-0.0003,0.0007,0.0293,0.00,0.0000,0.0000,0.0000
23.400,1.6211,-0.0003,0.0007,0.0293,0.00,0.0000,0.0000,0.0000
23.500,1.6181,-0.0003,0.0007,0.0293,0.00,0.0000,0.0000,0.0000
23.600,1.6152,-0.0003,0.0007,0.0293,0.00,0.0000,0.0000,0.0000
23.700,1.6123,-0.0003,0.0007,0.0293,0.00,0.0000,0.0000,0.0000
23.800,1.6094,-0.0003,0.0007,0.0293,0.00,0.0000,0.0000,0.0000
23.900,1.6064,-0.0003,0.0007,0.0293,0.00,0.0000,0.0000,0.0000
24.000,1.6035,-0.0003,0.0007,0.0293,0.00,0.0000,0.0000,0.0000
24.100,1.6006,-0.0003,0.0007,0.0293,0.00,0.0000,0.0000,0.0000
24.200,1.5976,-0.0003,0.0007,0.0293,0.00,0.0000,0.0000,0.0000
24.300,1.5947,-0.0003,0.0007,0.0293,0.00,0.0000,0.0000,0.0000
24.400,1.5918,-0.0003,0.0007,0.0293,0.00,0.0000,0.0000,0.0000
24.500,1.5889,-0.0003,0.0007,0.0293,0.00,0.0000,0.0000,0.0000
24.600,1.5859,-0.0003,0.0008,0.0293,0.00,0.0000,0.0000,0.0000
24.700,1.5830,-0.0003,0.0008,0.0293,0.00,0.0000,0.0000,0.0000
24.800,1.5801,-0.0003,0.0008,0.0293,0.00,0.0000,0.0000,0.0000
24.900,1.5772,-0.0003,0.0008,0.0293,0.00,0.0000,0.0000,0.0000
25.000,1.5742,-0.0003,0.0008,0.0293,0.00,0.0000,0.0000,0.0000
25.100,1.5713,-0.0003,0.0008,0.0293,0.00,0.0000,0.0000,0.0000
25.200,1.5684,-0.0003,0.0008,0.0293,0.00,0.0000,0.0000,0.0000
25.300,1.5655,-0.0003,0.0008,0.0293,0.00,0.0000,0.0000,0.0000
25.400,1.5625,-0.0003,0.0008,0.0293,0.00,0.0000,0.0000,0.0000
25.500,1.5596,-0.0003,0.0008,0.0293,0.00,0.0000,0.0000,0.0000
25.600,1.5567,-0.0003,0.0008,0.0293,0.00,0.0000,0.0000,0.0000
25.700,1.5537,-0.0003,0.0008,0.0293,0.00,0.0000,0.0000,0.0000
25.800,1.5508,-0.0003,0.0008,0.0293,0.00,0.0000,0.0000,0.0000
25.900,1.5479,-0.0003,0.0008,0.0293,0.00,0.0000,0.0000,0.0000
26.000,1.5450,-0.0003,0.0008,0.0293,0.00,0.0000,0.0000,0.0000
26.100,1.5420,-0.0003,0.0008,0.0293,0.00,0.0000,0.0000,0.0000
26.200,1.5391,-0.0004,0.0008,0.0293,0.00,0.0000,0.0000,0.0000
26.300,1.5362,-0.0004,0.0008,0.0293,0.00,0.0000,0.0000,0.0000
26.400,1.5333,-0.0004,0.0008,0.0293,0.00,0.0000,0.0000,0.0000
26.500,1.5303,-0.0004,0.0008,0.0293,0.00,0.0000,0.0000,0.0000
26.600,1.5274,-0.0004,0.0008,0.0293,0.00,0.0000,0.0000,0.0000
26.700,1.5245,-0.0004,0.0008,0.0293,0.00,0.0000,0.0000,0.0000
26.800,1.5216,-0.0004,0.0008,0.0293,0.00,0.0000,0.0000,0.0000
26.900,1.5186,-0.0004,0.0008,0.0293,0.00,0.0000,0.0000,0.0000
27.000,1.5157,-0.0004,0.0008,0.0293,0.00,0.0000,0.0000,0.0000
27.100,1.5128,-0.0004,0.0008,0.0293,0.00,0.0000,0.0000,0.0000
27.200,1.5098,-0.0004,0.0008,0.0293,0.00,0.0000,0.0000,0.0000
27.300,1.5069,-0.0004,0.0008,0.0293,0.00,0.0000,0.0000,0.0000
27.400,1.5040,-0.0004,0.0008,0.0293,0.00,0.0000,0.0000,0.0000
27.500,1.5011,-0.0004,0.0008,0.0293,0.00,0.0000,0.0000,0.0000
27.600,1.4981,-0.0004,0.0008,0.0293,0.00,0.0000,0.0000,0.0000
27.700,1.4952,-0.0004,0.0008,0.0293,0.00,0.0000,0.0000,0.0000
27.800,1.4923,-0.0004,0.0008,0.0293,0.00,0.0000,0.0000,0.0000
27.900,1.4894,-0.0004,0.0008,0.0293,0.00,0.0000,0.0000,0.0000
28.000,1.4864,-0.0004,0.0008,0.0293,0.00,0.0000,0.0000,0.0000
28.100,1.4835,-0.0004,0.0008,0.0293,0.00,0.0000,0.0000,0.0000
28.200,1.4806,-0.0004,0.0008,0.0293,0.00,0.0000,0.0000,0.0000
28.300,1.4777,-0.0004,0.0008,0.0293,0.00,0.0000,0.0000,0.0000
28.400,1.4747,-0.0004,0.0008,0.0293,0.00,0.0000,0.0000,0.0000
28.500,1.4718,-0.0004,0.0009,0.0293,0.00,0.0000,0.0000,0.0000
28.600,1.4689,-0.0004,0.0009,0.0293,0.00,0.0000,0.0000,0.0000
28.700,1.4659,-0.0004,0.0009,0.0293,0.00,0.0000,0.0000,0.0000
28.800,1.4630,-0.0004,0.0009,0.0293,0.00,0.0000,0.0000,0.0000
28.900,1.4601,-0.0004,0.0009,0.0293,0.00,0.0000,0.0000,0.0000
29.000,1.4572,-0.0004,0.0009,0.0293,0.00,0.0000,0.0000,0.0000
29.100,1.4542,-0.0004,0.0009,0.0293,0.00,0.0000,0.0000,0.0000
29.200,1.4513,-0.0004,0.0009,0.0293,0.00,0.0000,0.0000,0.0000
29.300,1.4484,-0.0004,0.0009,0.0293,0.00,0.0000,0.0000,0.0000
29.400,1.4455,-0.0004,0.0009,0.0293,0.00,0.0000,0.0000,0.0000
29.500,1.4425,-0.0004,0.0009,0.0293,0.00,0.0000,0.0000,0.0000
29.600,1.4396,-0.0004,0.0009,0.0293,0.00,0.0000,0.0000,0.0000
29.700,1.4367,-0.0004,0.0009,0.0293,0.00,0.0000,0.0000,0.0000
29.800,1.4338,-0.0004,0.0009,0.0293,0.00,0.0000,0.0000,0.0000
29.900,1.4308,-0.0004,0.0009,0.0293,0.00,0.0000,0.0000,0.0000
30.000,1.4279,-0.0004,0.0009,0.0293,0.00,0.0000,0.0000,0.0000
30.100,1.4250,-0.0004,0.0009,0.0293,0.00,0.0000,0.0000,0.0000
30.200,1.4221,-0.0004,0.0009,0.0293,0.00,0.0000,0.0000,0.0000
30.300,1.4191,-0.0004,0.0009,0.0293,0.00,0.0000,0.0000,0.0000
30.400,1.4162,-0.0004,0.0009,0.0293,0.00,0.0000,0.0000,0.0000
30.500,1.4133,-0.0004,0.0009,0.0293,0.00,0.0000,0.0000,0.0000
30.600,1.4103,-0.0005,0.0009,0.0293,0.00,0.0000,0.0000,0.0000
30.700,1.4074,-0.0005,0.0009,0.0293,0.00,0.0000,0.0000,0.0000
30.800,1.4045,-0.0005,0.0009,0.0293,0.00,0.0000,0.0000,0.0000
30.900,1.4016,-0.0005,0.0009,0.0293,0.00,0.0000,0.0000,0.0000
31.000,1.3986,-0.0005,0.0009,0.0293,0.00,0.0000,0.0000,0.0000
31.100,1.3957,-0.0005,0.0009,0.0293,0.00,0.0000,0.0000,0.0000
31.200,1.3928,-0.0005,0.0009,0.0293,0.00,0.0000,0.0000,0.0000
31.300,1.3899,-0.0005,0.0009,0.0293,0.00,0.0000,0.0000,0.0000
31.400,1.3869,-0.0005,0.0010,0.0293,0.00,0.0000,0.0000,0.0000
31.500,1.3840,-0.0005,0.0010,0.0293,0.00,0.0000,0.0000,0.0000
31.600,1.3811,-0.0005,0.0010,0.0293,0.00,0.0000,0.0000,0.0000
31.700,1.3782,-0.0005,0.0010,0.0293,0.00,0.0000,0.0000,0.0000
31.800,1.3752,-0.0005,0.0010,0.0293,0.00,0.0000,0.0000,0.0000
31.900,1.3723,-0.0005,0.0010,0.0293,0.00,0.0000,0.0000,0.0000
32.000,1.3694,-0.0005,0.0010,0.0293,0.00,0.0000,0.0000,0.0000
32.100,1.3664,-0.0005,0.0010,0.0293,0.00,0.0000,0.0000,0.0000
32.200,1.3635,-0.0005,0.0010,0.0293,0.00,0.0000,0.0000,0.0000
32.300,1.3606,-0.0005,0.0010,0.0293,0.00,0.0000,0.0000,0.0000
32.400,1.3577,-0.0005,0.0010,0.0293,0.00,0.0000,0.0000,0.0000
32.500,1.3547,-0.0005,0.0010,0.0293,0.00,0.0000,0.0000,0.0000
32.600,1.3518,-0.0005,0.0010,0.0293,0.00,0.0000,0.0000,0.0000
32.700,1.3489,-0.0005,0.0010,0.0293,0.00,0.0000,0.0000,0.0000
32.800,1.3460,-0.0005,0.0010,0.0293,0.00,0.0000,0.0000,0.0000
32.900,1.3430,-0.0005,0.0010,0.0293,0.00,0.0000,0.0000,0.0000
33.000,1.3401,-0.0005,0.0010,0.0293,0.00,0.0000,0.0000,0.0000
33.100,1.3372,-0.0005,0.0010,0.0293,0.00,0.0000,0.0000,0.0000
33.200,1.3343,-0.0005,0.0010,0.0293,0.00,0.0000,0.0000,0.0000
33.300,1.3313,-0.0005,0.0010,0.0293,0.00,0.0000,0.0000,0.0000
33.400,1.3284,-0.0005,0.0010,0.0293,0.00,0.0000,0.0000,0.0000
33.500,1.3255,-0.0005,0.0010,0.0293,0.00,0.0000,0.0000,0.0000
33.600,1.3225,-0.0005,0.0010,0.0293,0.00,0.0000,0.0000,0.0000
33.700,1.3196,-0.0005,0.0010,0.0293,0.00,0.0000,0.0000,0.0000
33.800,1.3167,-0.0005,0.0011,0.0293,0.00,0.0000,0.0000,0.0000
33.900,1.3138,-0.0005,0.0011,0.0293,0.00,0.0000,0.0000,0.0000
34.050,1.3094,-0.0005,0.0011,0.0293,0.00,0.0000,0.0000,0.0000
34.150,1.3065,-0.0005,0.0011,0.0293,0.00,0.0000,0.0000,0.0000
34.250,1.3035,-0.0006,0.0011,0.0293,0.00,0.0000,0.0000,0.0000
34.350,1.3006,-0.0006,0.0011,0.0293,0.00,0.0000,0.0000,0.0000
34.450,1.2977,-0.0006,0.0011,0.0293,0.00,0.0000,0.0000,0.0000
34.550,1.2947,-0.0006,0.0011,0.0293,0.00,0.0000,0.0000,0.0000
34.650,1.2918,-0.0006,0.0011,0.0293,0.00,0.0000,0.0000,0.0000
34.750,1.2889,-0.0006,0.0011,0.0293,0.00,0.0000,0.0000,0.0000
34.850,1.2860,-0.0006,0.0011,0.0293,0.00,0.0000,0.0000,0.0000
34.950,1.2830,-0.0006,0.0011,0.0293,0.00,0.0000,0.0000,0.0000
35.050,1.2801,-0.0006,0.0011,0.0293,0.00,0.0000,0.0000,0.0000
35.150,1.2772,-0.0006,0.0011,0.0293,0.00,0.0000,0.0000,0.0000
35.250,1.2743,-0.0006,0.0011,0.0293,0.00,0.0000,0.0000,0.0000
35.350,1.2713,-0.0006,0.0011,0.0293,0.00,0.0000,0.0000,0.0000
35.450,1.2684,-0.0006,0.0011,0.0293,0.00,0.0000,0.0000,0.0000
35.550,1.2655,-0.0006,0.0011,0.0293,0.00,0.0000,0.0000,0.0000
35.650,1.2625,-0.0006,0.0011,0.0293,0.00,0.0000,0.0000,0.0000
35.750,1.2596,-0.0006,0.0011,0.0293,0.00,0.0000,0.0000,0.0000
35.850,1.2567,-0.0006,0.0011,0.0293,0.00,0.0000,0.0000,0.0000
35.950,1.2538,-0.0006,0.0012,0.0293,0.00,0.0000,0.0000,0.0000
36.050,1.2508,-0.0006,0.0012,0.0293,0.00,0.0000,0.0000,0.0000
36.150,1.2479,-0.0006,0.0012,0.0293,0.00,0.0000,0.0000,0.0000
36.250,1.2450,-0.0006,0.0012,0.0293,0.00,0.0000,0.0000,0.0000
36.350,1.2421,-0.0006,0.0012,0.0293,0.00,0.0000,0.0000,0.0000
36.450,1.2391,-0.0006,0.0012,0.0293,0.00,0.0000,0.0000,0.0000
36.550,1.2362,-0.0006,0.0012,0.0293,0.00,0.0000,0.0000,0.0000
36.650,1.2333,-0.0006,0.0012,0.0293,0.00,0.0000,0.0000,0.0000
36.750,1.2303,-0.0006,0.0012,0.0293,0.00,0.0000,0.0000,0.0000
36.850,1.2274,-0.0006,0.0012,0.0293,0.00,0.0000,0.0000,0.0000
36.950,1.2245,-0.0006,0.0012,0.0293,0.00,0.0000,0.0000,0.0000
37.050,1.2216,-0.0006,0.0012,0.0293,0.00,0.0000,0.0000,0.0000
37.150,1.2186,-0.0006,0.0012,0.0293,0.00,0.0000,0.0000,0.0000
37.250,1.2157,-0.0006,0.0012,0.0293,0.00,0.0000,0.0000,0.0000
37.350,1.2128,-0.0006,0.0012,0.0293,0.00,0.0000,0.0000,0.0000
37.450,1.2099,-0.0007,0.0012,0.0293,0.00,0.0000,0.0000,0.0000
37.550,1.2069,-0.0007,0.0012,0.0293,0.00,0.0000,0.0000,0.0000
37.650,1.2040,-0.0007,0.0012,0.0293,0.00,0.0000,0.0000,0.0000
37.750,1.2011,-0.0007,0.0012,0.0293,0.00,0.0000,0.0000,0.0000
37.850,1.1982,-0.0007,0.0012,0.0293,0.00,0.0000,0.0000,0.0000
37.950,1.1952,-0.0007,0.0012,0.0293,0.00,0.0000,0.0000,0.0000
38.050,1.1923,-0.0007,0.0012,0.0293,0.00,0.0000,0.0000,0.0000
38.150,1.1894,-0.0007,0.0012,0.0293,0.00,0.0000,0.0000,0.0000
38.250,1.1864,-0.0007,0.0013,0.0293,0.00,0.0000,0.0000,0.0000
38.350,1.1835,-0.0007,0.0013,0.0293,0.00,0.0000,0.0000,0.0000
38.450,1.1806,-0.0007,0.0013,0.0293,0.00,0.0000,0.0000,0.0000
38.550,1.1777,-0.0007,0.0013,0.0293,0.00,0.0000,0.0000,0.0000
38.650,1.1747,-0.0007,0.0013,0.0293,0.00,0.0000,0.0000,0.0000
38.750,1.1718,-0.0007,0.0013,0.0293,0.00,0.0000,0.0000,0.0000
38.850,1.1689,-0.0007,0.0013,0.0293,0.00,0.0000,0.0000,0.0000
38.950,1.1660,-0.0007,0.0013,0.0293,0.00,0.0000,0.0000,0.0000
39.050,1.1630,-0.0007,0.0013,0.0293,0.00,0.0000,0.0000,0.0000
39.150,1.1601,-0.0007,0.0013,0.0293,0.00,0.0000,0.0000,0.0000
39.250,1.1572,-0.0007,0.0013,0.0293,0.00,0.0000,0.0000,0.0000
39.350,1.1542,-0.0007,0.0013,0.0293,0.00,0.0000,0.0000,0.0000
39.450,1.1513,-0.0007,0.0013,0.0293,0.00,0.0000,0.0000,0.0000
39.550,1.1484,-0.0007,0.0013,0.0293,0.00,0.0000,0.0000,0.0000
39.650,1.1455,-0.0007,0.0013,0.0293,0.00,0.0000,0.0000,0.0000
39.750,1.1425,-0.0007,0.0013,0.0293,0.00,0.0000,0.0000,0.0000
39.850,1.1396,-0.0007,0.0013,0.0293,0.00,0.0000,0.0000,0.0000
39.950,1.1367,-0.0007,0.0013,0.0293,0.00,0.0000,0.0000,0.0000
40.050,1.1338,-0.0007,0.0013,0.0293,0.00,0.0000,0.0000,0.0000
40.150,1.1308,-0.0007,0.0013,0.0293,0.00,0.0000,0.0000,0.0000
40.250,1.1279,-0.0008,0.0013,0.0293,0.00,0.0000,0.0000,0.0000
40.350,1.1250,-0.0008,0.0013,0.0293,0.00,0.0000,0.0000,0.0000
40.450,1.1220,-0.0008,0.0013,0.0293,0.00,0.0000,0.0000,0.0000
40.550,1.1191,-0.0008,0.0014,0.0293,0.00,0.0000,0.0000,0.0000
40.650,1.1162,-0.0008,0.0014,0.0293,0.00,0.0000,0.0000,0.0000
40.750,1.1133,-0.0008,0.0014,0.0293,0.00,0.0000,0.0000,0.0000
40.850,1.1103,-0.0008,0.0014,0.0293,0.00,0.0000,0.0000,0.0000
40.950,1.1074,-0.0008,0.0014,0.0293,0.00,0.0000,0.0000,0.0000
41.050,1.1045,-0.0008,0.0014,0.0293,0.00,0.0000,0.0000,0.0000
41.150,1.1016,-0.0008,0.0014,0.0293,0.00,0.0000,0.0000,0.0000
41.250,1.0986,-0.0008,0.0014,0.0293,0.00,0.0000,0.0000,0.0000
41.350,1.0957,-0.0008,0.0014,0.0293,0.00,0.0000,0.0000,0.0000
41.450,1.0928,-0.0008,0.0014,0.0293,0.00,0.0000,0.0000,0.0000
41.550,1.0898,-0.0008,0.0014,0.0293,0.00,0.0000,0.0000,0.0000
41.650,1.0869,-0.0008,0.0014,0.0293,0.00,0.0000,0.0000,0.0000
41.750,1.0840,-0.0008,0.0014,0.0293,0.00,0.0000,0.0000,0.0000
41.850,1.0811,-0.0008,0.0014,0.0293,0.00,0.0000,0.0000,0.0000
41.950,1.0781,-0.0008,0.0014,0.0293,0.00,0.0000,0.0000,0.0000
42.050,1.0752,-0.0008,0.0014,0.0293,0.00,0.0000,0.0000,0.0000
42.150,1.0723,-0.0008,0.0014,0.0293,0.20,0.0000,0.0000,0.0000
42.250,1.0694,-0.0008,0.0014,0.0293,0.20,0.0000,0.0000,0.0000
42.350,1.0664,-0.0008,0.0014,0.0293,0.20,0.0000,0.0000,0.0000
42.450,1.0635,-0.0008,0.0014,0.0293,0.20,0.0000,0.0000,0.0000
42.550,1.0606,-0.0008,0.0014,0.0293,0.20,0.0000,0.0000,0.0000
42.650,1.0576,-0.0008,0.0014,0.0293,0.20,0.0000,0.0000,0.0000
42.750,1.0547,-0.0008,0.0014,0.0293,0.20,0.0000,0.0000,0.0000
42.850,1.0518,-0.0009,0.0015,0.0293,0.20,0.0000,0.0000,0.0000
42.950,1.0489,-0.0009,0.0015,0.0293,0.20,0.0000,0.0000,0.0000
43.050,1.0459,-0.0009,0.0015,0.0293,0.20,0.0000,0.0000,0.0000
43.150,1.0430,-0.0009,0.0015,0.0293,0.20,0.0000,0.0000,0.0000
43.250,1.0401,-0.0009,0.0015,0.0293,0.20,0.0000,0.0000,0.0000
43.350,1.0372,-0.0009,0.0015,0.0293,0.20,0.0000,0.0000,0.0000
43.450,1.0342,-0.0009,0.0015,0.0293,0.20,0.0000,0.0000,0.0000
43.550,1.0313,-0.0009,0.0015,0.0293,0.20,0.0000,0.0000,0.0000
43.650,1.0284,-0.0009,0.0015,0.0293,0.20,0.0000,0.0000,0.0000
43.750,1.0254,-0.0009,0.0015,0.0293,0.20,0.0000,0.0000,0.0000
43.850,1.0225,-0.0009,0.0015,0.0293,0.20,0.0000,0.0000,0.0000
43.950,1.0196,-0.0009,0.0015,0.0293,0.20,0.0000,0.0000,0.0000
44.050,1.0167,-0.0009,0.0015,0.0293,0.20,0.0000,0.0000,0.0000
44.150,1.0137,-0.0009,0.0015,0.0293,0.20,0.0000,0.0000,0.0000
44.250,1.0108,-0.0009,0.0015,0.0293,0.20,0.0000,0.0000,0.0000
44.350,1.0079,-0.0009,0.0015,0.0293,0.20,0.0000,0.0000,0.0000
44.450,1.0050,-0.0009,0.0015,0.0293,0.20,0.0000,0.0000,0.0000
44.550,1.0020,-0.0009,0.0015,0.0293,0.20,0.0000,0.0000,0.0000
44.650,0.9991,-0.0009,0.0015,0.0293,0.20,0.0000,0.0000,0.0000
44.750,0.9962,-0.0009,0.0015,0.0293,0.20,0.0000,0.0000,0.0000
44.850,0.9932,-0.0009,0.0015,0.0293,0.20,0.0000,0.0000,0.0000
44.950,0.9903,-0.0009,0.0015,0.0293,0.20,0.0000,0.0000,0.0000
45.050,0.9874,-0.0009,0.0016,0.0293,0.20,0.0000,0.0000,0.0000
45.150,0.9845,-0.0009,0.0016,0.0293,0.20,0.0000,0.0000,0.0000
45.250,0.9815,-0.0010,0.0016,0.0293,0.20,0.0000,0.0000,0.0000
45.350,0.9786,-0.0010,0.0016,0.0293,0.20,0.0000,0.0000,0.0000
45.450,0.9757,-0.0010,0.0016,0.0293,0.20,0.0000,0.0000,0.0000
45.550,0.9728,-0.0010,0.0016,0.0293,0.20,0.0000,0.0000,0.0000
45.650,0.9698,-0.0010,0.0016,0.0293,0.20,0.0000,0.0000,0.0000
45.750,0.9669,-0.0010,0.0016,0.0293,0.20,0.0000,0.0000,0.0000
45.850,0.9640,-0.0010,0.0016,0.0293,0.20,0.0000,0.0000,0.0000
45.950,0.9610,-0.0010,0.0016,0.0293,0.20,0.0000,0.0000,0.0000
46.050,0.9581,-0.0010,0.0016,0.0293,0.20,0.0000,0.0000,0.0000
46.150,0.9552,-0.0010,0.0016,0.0293,0.20,0.0000,0.0000,0.0000
46.250,0.9523,-0.0010,0.0016,0.0293,0.20,0.0000,0.0000,0.0000
46.350,0.9493,-0.0010,0.0016,0.0293,0.20,0.0000,0.0000,0.0000
46.450,0.9464,-0.0010,0.0016,0.0293,0.20,0.0000,0.0000,0.0000
46.550,0.9435,-0.0010,0.0016,0.0293,0.20,0.0000,0.0000,0.0000
46.650,0.9406,-0.0010,0.0016,0.0293,0.20,0.0000,0.0000,0.0000
46.750,0.9376,-0.0010,0.0016,0.0293,0.20,0.0000,0.0000,0.0000
46.850,0.9347,-0.0010,0.0016,0.0293,0.20,0.0000,0.0000,0.0000
46.950,0.9318,-0.0010,0.0016,0.0293,0.20,0.0000,0.0000,0.0000
47.050,0.9288,-0.0010,0.0016,0.0293,0.20,0.0000,0.0000,0.0000
47.150,0.9259,-0.0010,0.0016,0.0293,0.20,0.0000,0.0000,0.0000
47.250,0.9230,-0.0010,0.0016,0.0293,0.20,0.0000,0.0000,0.0000
47.350,0.9201,-0.0010,0.0017,0.0293,0.20,0.0000,0.0000,0.0000
47.450,0.9171,-0.0011,0.0017,0.0293,0.20,0.0000,0.0000,0.0000
47.550,0.9142,-0.0011,0.0017,0.0293,0.20,0.0000,0.0000,0.0000
47.650,0.9113,-0.0011,0.0017,0.0293,0.20,0.0000,0.0000,0.0000
47.750,0.9084,-0.0011,0.0017,0.0293,0.20,0.0000,0.0000,0.0000
47.850,0.9054,-0.0011,0.0017,0.0293,0.20,0.0000,0.0000,0.0000
47.950,0.9025,-0.0011,0.0017,0.0293,0.20,0.0000,0.0000,0.0000
48.050,0.8996,-0.0011,0.0017,0.0293,0.20,0.0000,0.0000,0.0000
48.150,0.8966,-0.0011,0.0017,0.0293,0.20,0.0000,0.0000,0.0000
48.250,0.8937,-0.0011,0.0017,0.0293,0.20,0.0000,0.0000,0.0000
48.350,0.8908,-0.0011,0.0017,0.0293,0.20,0.0000,0.0000,0.0000
48.450,0.8879,-0.0011,0.0017,0.0293,0.20,0.0000,0.0000,0.0000
48.550,0.8849,-0.0011,0.0017,0.0293,0.20,0.0000,0.0000,0.0000
48.650,0.8820,-0.0011,0.0017,0.0293,0.20,0.0000,0.0000,0.0000
48.750,0.8791,-0.0011,0.0017,0.0293,0.20,0.0000,0.0000,0.0000
48.850,0.8762,-0.0011,0.0017,0.0293,0.20,0.0000,0.0000,0.0000
48.950,0.8732,-0.0011,0.0017,0.0293,0.20,0.0000,0.0000,0.0000
49.050,0.8703,-0.0011,0.0017,0.0293,0.20,0.0000,0.0000,0.0000
49.150,0.8674,-0.0011,0.0017,0.0293,0.20,0.0000,0.0000,0.0000
49.250,0.8644,-0.0011,0.0017,0.0293,0.20,0.0000,0.0000,0.0000
49.350,0.8615,-0.0011,0.0017,0.0293,0.20,0.0000,0.0000,0.0000
49.450,0.8586,-0.0011,0.0017,0.0293,0.20,0.0000,0.0000,0.0000
49.550,0.8557,-0.0012,0.0018,0.0293,0.20,0.0000,0.0000,0.0000
49.650,0.8527,-0.0012,0.0018,0.0293,0.20,0.0000,0.0000,0.0000
49.750,0.8498,-0.0012,0.0018,0.0293,0.20,0.0000,0.0000,0.0000
49.850,0.8469,-0.0012,0.0018,0.0293,0.20,0.0000,0.0000,0.0000
49.950,0.8440,-0.0012,0.0018,0.0293,0.20,0.0000,0.0000,0.0000
50.050,0.8410,-0.0012,0.0018,0.0293,0.20,0.0000,0.0000,0.0000
50.150,0.8381,-0.0012,0.0018,0.0293,0.20,0.0000,0.0000,0.0000
50.250,0.8352,-0.0012,0.0018,0.0293,0.20,0.0000,0.0000,0.0000
50.350,0.8322,-0.0012,0.0018,0.0293,0.20,0.0000,0.0000,0.0000
50.450,0.8293,-0.0012,0.0018,0.0293,0.20,0.0000,0.0000,0.0000
50.550,0.8264,-0.0012,0.0018,0.0293,0.20,0.0000,0.0000,0.0000
50.650,0.8235,-0.0012,0.0018,0.0293,0.20,0.0000,0.0000,0.0000
50.750,0.8205,-0.0012,0.0018,0.0293,0.20,0.0000,0.0000,0.0000
50.850,0.8176,-0.0012,0.0018,0.0293,0.20,0.0000,0.0000,0.0000
50.950,0.8147,-0.0012,0.0018,0.0293,0.20,0.0000,0.0000,0.0000
51.050,0.8118,-0.0012,0.0018,0.0293,0.20,0.0000,0.0000,0.0000
51.150,0.8088,-0.0012,0.0018,0.0293,0.20,0.0000,0.0000,0.0000
51.250,0.8059,-0.0012,0.0018,0.0293,0.20,0.0000,0.0000,0.0000
51.350,0.8030,-0.0012,0.0018,0.0293,0.20,0.0000,0.0000,0.0000
51.450,0.8000,-0.0012,0.0018,0.0293,0.20,0.0000,0.0000,0.0000
51.550,0.7971,-0.0013,0.0018,0.0293,0.20,0.0000,0.0000,0.0000
51.650,0.7942,-0.0013,0.0018,0.0293,0.20,0.0000,0.0000,0.0000
51.750,0.7913,-0.0013,0.0018,0.0293,0.20,0.0000,0.0000,0.0000
51.850,0.7883,-0.0013,0.0019,0.0293,0.20,0.0000,0.0000,0.0000
51.950,0.7854,-0.0013,0.0019,0.0293,0.20,0.0000,0.0000,0.0000
52.050,0.7825,-0.0013,0.0019,0.0293,0.20,0.0000,0.0000,0.0000
52.150,0.7796,-0.0013,0.0019,0.0293,0.20,0.0000,0.0000,0.0000
52.250,0.7766,-0.0013,0.0019,0.0293,0.20,0.0000,0.0000,0.0000
52.350,0.7737,-0.0013,0.0019,0.0293,0.20,0.0000,0.0000,0.0000
52.450,0.7708,-0.0013,0.0019,0.0293,0.20,0.0000,0.0000,0.0000
52.550,0.7678,-0.0013,0.0019,0.0293,0.20,0.0000,0.0000,0.0000
52.650,0.7649,-0.0013,0.0019,0.0293,0.20,0.0000,0.0000,0.0000
52.750,0.7620,-0.0013,0.0019,0.0293,0.20,0.0000,0.0000,0.0000
52.850,0.7591,-0.0013,0.0019,0.0293,0.20,0.0000,0.0000,0.0000
52.950,0.7561,-0.0013,0.0019,0.0293,0.20,0.0000,0.0000,0.0000
53.050,0.7532,-0.0013,0.0019,0.0293,0.20,0.0000,0.0000,0.0000
53.150,0.7503,-0.0013,0.0019,0.0293,0.20,0.0000,0.0000,0.0000
53.250,0.7474,-0.0013,0.0019,0.0293,0.20,0.0000,0.0000,0.0000
53.350,0.7444,-0.0014,0.0019,0.0293,0.20,0.0000,0.0000,0.0000
53.450,0.7415,-0.0014,0.0019,0.0293,0.20,0.0000,0.0000,0.0000
53.550,0.7386,-0.0014,0.0019,0.0293,0.20,0.0000,0.0000,0.0000
53.650,0.7356,-0.0014,0.0019,0.0293,0.20,0.0000,0.0000,0.0000
53.750,0.7327,-0.0014,0.0019,0.0293,0.20,0.0000,0.0000,0.0000
53.850,0.7298,-0.0014,0.0019,0.0293,0.20,0.0000,0.0000,0.0000
53.950,0.7269,-0.0014,0.0019,0.0293,0.20,0.0000,0.0000,0.0000
54.050,0.7239,-0.0014,0.0020,0.0293,0.20,0.0000,0.0000,0.0000
54.150,0.7210,-0.0014,0.0020,0.0293,0.20,0.0000,0.0000,0.0000
54.250,0.7181,-0.0014,0.0020,0.0293,0.20,0.0000,0.0000,0.0000
54.350,0.7152,-0.0014,0.0020,0.0293,0.20,0.0000,0.0000,0.0000
54.450,0.7122,-0.0014,0.0020,0.0293,0.20,0.0000,0.0000,0.0000
54.550,0.7093,-0.0014,0.0020,0.0293,0.20,0.0000,0.0000,0.0000
54.650,0.7064,-0.0014,0.0020,0.0293,0.20,0.0000,0.0000,0.0000
54.750,0.7034,-0.0014,0.0020,0.0293,0.20,0.0000,0.0000,0.0000
54.850,0.7005,-0.0014,0.0020,0.0293,0.20,0.0000,0.0000,0.0000
54.950,0.6976,-0.0014,0.0020,0.0293,0.20,0.0000,0.0000,0.0000
55.050,0.6947,-0.0014,0.0020,0.0293,0.20,0.0000,0.0000,0.0000
55.150,0.6917,-0.0015,0.0020,0.0293,0.20,0.0000,0.0000,0.0000
55.250,0.6888,-0.0015,0.0020,0.0293,0.20,0.0000,0.0000,0.0000
55.350,0.6859,-0.0015,0.0020,0.0293,0.20,0.0000,0.0000,0.0000
55.450,0.6830,-0.0015,0.0020,0.0293,0.20,0.0000,0.0000,0.0000
55.550,0.6800,-0.0015,0.0020,0.0293,0.20,0.0000,0.0000,0.0000
55.650,0.6771,-0.0015,0.0020,0.0293,0.20,0.0000,0.0000,0.0000
55.750,0.6742,-0.0015,0.0020,0.0293,0.20,0.0000,0.0000,0.0000
55.850,0.6712,-0.0015,0.0020,0.0293,0.20,0.0000,0.0000,0.0000
55.950,0.6683,-0.0015,0.0021,0.0293,0.20,0.0000,0.0000,0.0000
56.050,0.6654,-0.0015,0.0021,0.0293,0.20,0.0000,0.0000,0.0000
56.150,0.6625,-0.0015,0.0021,0.0293,0.20,0.0000,0.0000,0.0000
56.250,0.6595,-0.0015,0.0021,0.0293,0.20,0.0000,0.0000,0.0000
56.350,0.6566,-0.0015,0.0021,0.0293,0.20,0.0000,0.0000,0.0000
56.450,0.6537,-0.0015,0.0021,0.0293,0.20,0.0000,0.0000,0.0000
56.550,0.6508,-0.0015,0.0021,0.0293,0.20,0.0000,0.0000,0.0000
56.650,0.6478,-0.0015,0.0021,0.0293,0.20,0.0000,0.0000,0.0000
56.750,0.6449,-0.0015,0.0021,0.0293,0.20,0.0000,0.0000,0.0000
56.850,0.6420,-0.0015,0.0021,0.0293,0.20,0.0000,0.0000,0.0000
56.950,0.6391,-0.0016,0.0021,0.0293,0.20,0.0000,0.0000,0.0000
57.050,0.6361,-0.0016,0.0021,0.0293,0.20,0.0000,0.0000,0.0000
57.150,0.6332,-0.0016,0.0021,0.0293,0.20,0.0000,0.0000,0.0000
57.250,0.6303,-0.0016,0.0021,0.0293,0.20,0.0000,0.0000,0.0000
57.350,0.6273,-0.0016,0.0021,0.0293,0.20,0.0000,0.0000,0.0000
57.450,0.6244,-0.0016,0.0021,0.0293,0.20,0.0000,0.0000,0.0000
57.550,0.6215,-0.0016,0.0021,0.0293,0.20,0.0000,0.0000,0.0000
57.650,0.6186,-0.0016,0.0021,0.0293,0.20,0.0000,0.0000,0.0000
57.750,0.6156,-0.0016,0.0021,0.0293,0.20,0.0000,0.0000,0.0000
57.850,0.6127,-0.0016,0.0021,0.0293,0.20,0.0000,0.0000,0.0000
57.950,0.6098,-0.0016,0.0022,0.0293,0.20,0.0000,0.0000,0.0000
58.050,0.6069,-0.0016,0.0022,0.0293,0.20,0.0000,0.0000,0.0000
58.150,0.6039,-0.0016,0.0022,0.0293,0.20,0.0000,0.0000,0.0000
58.250,0.6010,-0.0016,0.0022,0.0293,0.20,0.0000,0.0000,0.0000
58.350,0.5981,-0.0016,0.0022,0.0293,0.20,0.0000,0.0000,0.0000
58.450,0.5951,-0.0016,0.0022,0.0293,0.20,0.0000,0.0000,0.0000
58.550,0.5922,-0.0017,0.0022,0.0293,0.20,0.0000,0.0000,0.0000
58.650,0.5893,-0.0017,0.0022,0.0293,0.20,0.0000,0.0000,0.0000
58.750,0.5864,-0.0017,0.0022,0.0293,0.20,0.0000,0.0000,0.0000
58.850,0.5834,-0.0017,0.0022,0.0293,0.20,0.0000,0.0000,0.0000
58.950,0.5805,-0.0017,0.0022,0.0293,0.20,0.0000,0.0000,0.0000
59.050,0.5776,-0.0017,0.0022,0.0293,0.20,0.0000,0.0000,0.0000
59.150,0.5747,-0.0017,0.0022,0.0293,0.20,0.0000,0.0000,0.0000
59.250,0.5717,-0.0017,0.0022,0.0293,0.20,0.0000,0.0000,0.0000
59.350,0.5688,-0.0017,0.0022,0.0293,0.20,0.0000,0.0000,0.0000
59.450,0.5659,-0.0017,0.0022,0.0293,0.20,0.0000,0.0000,0.0000
59.550,0.5629,-0.0017,0.0022,0.0293,0.20,0.0000,0.0000,0.0000
59.650,0.5600,-0.0017,0.0022,0.0293,0.20,0.0000,0.0000,0.0000
59.750,0.5571,-0.0017,0.0022,0.0293,0.20,0.0000,0.0000,0.0000
59.850,0.5542,-0.0017,0.0023,0.0293,0.20,0.0000,0.0000,0.0000
59.950,0.5512,-0.0017,0.0023,0.0293,0.20,0.0000,0.0000,0.0000
60.050,0.5483,-0.0017,0.0023,0.0293,0.20,0.0000,0.0000,0.0000
60.150,0.5454,-0.0018,0.0023,0.0293,0.20,0.0000,0.0000,0.0000
60.250,0.5425,-0.0018,0.0023,0.0293,0.20,0.0000,0.0000,0.0000
60.350,0.5395,-0.0018,0.0023,0.0293,0.20,0.0000,0.0000,0.0000
60.450,0.5366,-0.0018,0.0023,0.0293,0.20,0.0000,0.0000,0.0000
60.550,0.5337,-0.0018,0.0023,0.0293,0.20,0.0000,0.0000,0.0000
60.650,0.5307,-0.0018,0.0023,0.0293,0.20,0.0000,0.0000,0.0000
60.750,0.5278,-0.0018,0.0023,0.0293,0.20,0.0000,0.0000,0.0000
60.850,0.5249,-0.0018,0.0023,0.0293,0.20,0.0000,0.0000,0.0000
60.950,0.5220,-0.0018,0.0023,0.0293,0.20,0.0000,0.0000,0.0000
61.050,0.5190,-0.0018,0.0023,0.0293,0.20,0.0000,0.0000,0.0000
61.150,0.5161,-0.0018,0.0023,0.0293,0.20,0.0000,0.0000,0.0000
61.250,0.5132,-0.0018,0.0023,0.0293,0.20,0.0000,0.0000,0.0000
61.350,0.5103,-0.0018,0.0023,0.0293,0.20,0.0000,0.0000,0.0000
61.450,0.5073,-0.0018,0.0023,0.0293,0.20,0.0000,0.0000,0.0000
61.550,0.5044,-0.0018,0.0023,0.0293,0.20,0.0000,0.0000,0.0000
61.650,0.5015,-0.0019,0.0023,0.0293,0.20,0.0000,0.0000,0.0000
61.750,0.4986,-0.0019,0.0023,0.0293,0.20,0.0000,0.0000,0.0000
61.850,0.4956,-0.0019,0.0024,0.0293,0.20,0.0000,0.0000,0.0000
61.950,0.4927,-0.0019,0.0024,0.0293,0.20,0.0000,0.0000,0.0000
62.050,0.4898,-0.0019,0.0024,0.0293,0.20,0.0000,0.0000,0.0000
62.150,0.4868,-0.0019,0.0024,0.0293,0.20,0.0000,0.0000,0.0000
62.250,0.4839,-0.0019,0.0024,0.0293,0.20,0.0000,0.0000,0.0000
62.350,0.4810,-0.0019,0.0024,0.0293,0.20,0.0000,0.0000,0.0000
62.450,0.4781,-0.0019,0.0024,0.0293,0.20,0.0000,0.0000,0.0000
62.550,0.4751,-0.0019,0.0024,0.0293,0.20,0.0000,0.0000,0.0000
62.650,0.4722,-0.0019,0.0024,0.0293,0.20,0.0000,0.0000,0.0000
62.750,0.4693,-0.0019,0.0024,0.0293,0.20,0.0000,0.0000,0.0000
62.850,0.4664,-0.0019,0.0024,0.0293,0.20,0.0000,0.0000,0.0000
62.950,0.4634,-0.0019,0.0024,0.0293,0.20,0.0000,0.0000,0.0000
63.050,0.4605,-0.0019,0.0024,0.0293,0.20,0.0000,0.0000,0.0000
63.150,0.4576,-0.0020,0.0024,0.0293,0.20,0.0000,0.0000,0.0000
63.250,0.4546,-0.0020,0.0024,0.0293,0.20,0.0000,0.0000,0.0000
63.350,0.4517,-0.0020,0.0024,0.0293,0.20,0.0000,0.0000,0.0000
63.450,0.4488,-0.0020,0.0024,0.0293,0.20,0.0000,0.0000,0.0000
63.550,0.4459,-0.0020,0.0024,0.0293,0.20,0.0000,0.0000,0.0000
63.650,0.4429,-0.0020,0.0024,0.0293,0.20,0.0000,0.0000,0.0000
63.750,0.4400,-0.0020,0.0024,0.0293,0.20,0.0000,0.0000,0.0000
63.850,0.4371,-0.0020,0.0025,0.0293,0.20,0.0000,0.0000,0.0000
63.950,0.4342,-0.0020,0.0025,0.0293,0.20,0.0000,0.0000,0.0000
64.050,0.4312,-0.0020,0.0025,0.0293,0.20,0.0000,0.0000,0.0000
64.150,0.4283,-0.0020,0.0025,0.0293,0.20,0.0000,0.0000,0.0000
64.250,0.4254,-0.0020,0.0025,0.0293,0.20,0.0000,0.0000,0.0000
64.350,0.4224,-0.0020,0.0025,0.0293,0.20,0.0000,0.0000,0.0000
64.450,0.4195,-0.0020,0.0025,0.0293,0.20,0.0000,0.0000,0.0000
64.550,0.4166,-0.0021,0.0025,0.0293,0.20,0.0000,0.0000,0.0000
